[ {
  "line" : 2,
  "elements" : [ {
    "line" : 4,
    "name" : "",
    "description" : "",
    "type" : "background",
    "keyword" : "Background",
    "steps" : [ {
      "output" : [ "Launching the URL ", "Env : QA", "Platform : UI" ],
      "result" : {
        "duration" : 5124061100,
        "status" : "passed"
      },
      "line" : 5,
      "name" : "User launches the PAS URL",
      "match" : {
        "location" : "com.FEPS.test.stepdefinition.ui.FEPS_Login_Page_Step_Test.user_launches_the_common_org_pas_url()"
      },
      "keyword" : "Given "
    }, {
      "output" : [ "User successfully Logged in FEPS login page." ],
      "result" : {
        "duration" : 6148976500,
        "status" : "passed"
      },
      "line" : 7,
      "name" : "User Clicks on login through SSO",
      "match" : {
        "location" : "com.FEPS.test.stepdefinition.ui.FEPS_Login_Page_Step_Test.User_Clicks_on_login_through_SSO()"
      },
      "keyword" : "When "
    }, {
      "output" : [ "Logging into Common Org site with username : 30134914" ],
      "result" : {
        "duration" : 1354165400,
        "status" : "passed"
      },
      "line" : 8,
      "name" : "User logs in with valid agent credentials",
      "match" : {
        "arguments" : [ {
          "val" : "",
          "offset" : 24
        } ],
        "location" : "com.FEPS.test.stepdefinition.ui.FEPS_Login_Page_Step_Test.user_logs_in_with_valid_agent_credentials(java.lang.String)"
      },
      "keyword" : "When "
    }, {
      "output" : [ "Successfully Logged into Common Org Application" ],
      "result" : {
        "duration" : 13491422200,
        "status" : "passed"
      },
      "line" : 9,
      "name" : "User is logged into application",
      "match" : {
        "location" : "com.FEPS.test.stepdefinition.ui.FEPS_Login_Page_Step_Test.user_is_logged_in_to_application()"
      },
      "keyword" : "Then "
    }, {
      "output" : [ "User navigates to Time menu page successfully" ],
      "result" : {
        "duration" : 88559300,
        "status" : "passed"
      },
      "line" : 10,
      "name" : "user Select \"Time\" menu",
      "match" : {
        "arguments" : [ {
          "val" : "\"Time\"",
          "offset" : 12
        } ],
        "location" : "com.FEPS.test.stepdefinition.ui.FEPS_Time_Menu_Step_Test.select_Time_menu(java.lang.String)"
      },
      "keyword" : "When "
    } ]
  }, {
    "start_timestamp" : "2023-03-14T11:45:59.756Z",
    "before" : [ {
      "result" : {
        "duration" : 5349708700,
        "status" : "passed"
      },
      "match" : {
        "location" : "com.FEPS.InitDriver.InitializeDriver.before(io.cucumber.java.Scenario)"
      }
    } ],
    "line" : 13,
    "name" : "Test Case 100: Verify below mentioned fields of Absence Report: Time Menu",
    "description" : "",
    "id" : "us-705299-document-intake-ui-changes;test-case-100:-verify-below-mentioned-fields-of-absence-report:-time-menu",
    "after" : [ {
      "result" : {
        "duration" : 1239920600,
        "status" : "passed"
      },
      "match" : {
        "location" : "com.FEPS.InitDriver.InitializeDriver.after(io.cucumber.java.Scenario)"
      }
    } ],
    "type" : "scenario",
    "keyword" : "Scenario",
    "steps" : [ {
      "output" : [ "User navigates to Absence Report page successfully" ],
      "result" : {
        "duration" : 30690202600,
        "status" : "passed"
      },
      "line" : 15,
      "name" : "Select AbsenceReport and  Company Code as \"BPS\", SBU as \"APAH\", Dates as \"Custom\"",
      "match" : {
        "arguments" : [ {
          "val" : "\"BPS\"",
          "offset" : 42
        }, {
          "val" : "\"APAH\"",
          "offset" : 56
        }, {
          "val" : "\"Custom\"",
          "offset" : 73
        } ],
        "location" : "com.FEPS.test.stepdefinition.ui.FEPS_TimeReports_Absence.select_Absence(java.lang.String,java.lang.String,java.lang.String)"
      },
      "keyword" : "Then "
    }, {
      "result" : {
        "duration" : 534412800,
        "status" : "passed"
      },
      "line" : 16,
      "name" : "user enter Date1 as \"07/22/2022\", Date2 as \"08/17/2022\"",
      "match" : {
        "arguments" : [ {
          "val" : "\"07/22/2022\"",
          "offset" : 20
        }, {
          "val" : "\"08/17/2022\"",
          "offset" : 43
        } ],
        "location" : "com.FEPS.test.stepdefinition.ui.FEPS_Time_Clock_Activity_Step_Test.user_enter(java.lang.String,java.lang.String)"
      },
      "keyword" : "And "
    }, {
      "result" : {
        "duration" : 128321000,
        "status" : "passed"
      },
      "line" : 17,
      "name" : "user clicks on generateReport",
      "match" : {
        "location" : "com.FEPS.test.stepdefinition.ui.FEPS_TimeReports_Absence.user_clicks_on_generateReport()"
      },
      "keyword" : "Then "
    }, {
      "result" : {
        "duration" : 13977640500,
        "status" : "passed"
      },
      "line" : 18,
      "name" : "check for Company Code",
      "match" : {
        "location" : "com.FEPS.test.stepdefinition.ui.FEPS_TimeReports_Absence.CheckCC()"
      },
      "keyword" : "Then "
    }, {
      "result" : {
        "duration" : 82266900,
        "status" : "passed"
      },
      "line" : 19,
      "name" : "click on Employee hyperlink",
      "match" : {
        "location" : "com.FEPS.test.stepdefinition.ui.FEPS_TimeReports_Absence.clickOnEmployeeHyerlink()"
      },
      "keyword" : "Then "
    }, {
      "result" : {
        "duration" : 8853118100,
        "status" : "passed"
      },
      "line" : 20,
      "name" : "check for page name",
      "match" : {
        "location" : "com.FEPS.test.stepdefinition.ui.FEPS_TimeReports_Absence.checkPageName()"
      },
      "keyword" : "Then "
    }, {
      "result" : {
        "duration" : 51599400,
        "status" : "passed"
      },
      "line" : 21,
      "name" : "click on date hyperlink in absence detail page",
      "match" : {
        "location" : "com.FEPS.test.stepdefinition.ui.FEPS_TimeReports_Absence.clickOnDateHyperLink()"
      },
      "keyword" : "Then "
    }, {
      "result" : {
        "duration" : 59993500,
        "status" : "passed"
      },
      "line" : 22,
      "name" : "check for employeeid in Time Clock Activity page",
      "match" : {
        "location" : "com.FEPS.test.stepdefinition.ui.FEPS_TimeReports_Absence.checkEmployeeID()"
      },
      "keyword" : "Then "
    }, {
      "result" : {
        "duration" : 473462500,
        "status" : "passed"
      },
      "line" : 23,
      "name" : "click on favorite button",
      "match" : {
        "location" : "com.FEPS.test.stepdefinition.ui.FEPS_TimeReports_Absence.enableFavorite()"
      },
      "keyword" : "Then "
    }, {
      "result" : {
        "duration" : 6407001800,
        "status" : "passed"
      },
      "line" : 24,
      "name" : "click on Dashoard",
      "match" : {
        "location" : "com.FEPS.test.stepdefinition.ui.FEPS_TimeReports_Absence.clickOnDashboard()"
      },
      "keyword" : "Then "
    } ],
    "tags" : [ {
      "name" : "@Test"
    }, {
      "name" : "@LoginPage"
    }, {
      "name" : "@US1"
    }, {
      "name" : "@01"
    }, {
      "name" : "@FEPS"
    } ]
  } ],
  "name" : "US_705299 Document Intake UI Changes",
  "description" : "",
  "id" : "us-705299-document-intake-ui-changes",
  "keyword" : "Feature",
  "uri" : "file:src/test/resources/features/FEPS.Ui.features/Login.feature",
  "tags" : [ {
    "name" : "@Test",
    "type" : "Tag",
    "location" : {
      "line" : 1,
      "column" : 1
    }
  }, {
    "name" : "@LoginPage",
    "type" : "Tag",
    "location" : {
      "line" : 1,
      "column" : 7
    }
  }, {
    "name" : "@US1",
    "type" : "Tag",
    "location" : {
      "line" : 1,
      "column" : 18
    }
  } ]
} ]