[ {
  "line" : 2,
  "elements" : [ {
    "line" : 4,
    "name" : "",
    "description" : "",
    "type" : "background",
    "keyword" : "Background",
    "steps" : [ {
      "output" : [ "Launching the URL ", "Env : QA", "Platform : UI" ],
      "result" : {
        "duration" : 6358254000,
        "status" : "passed"
      },
      "line" : 5,
      "name" : "User launches the PAS URL",
      "match" : {
        "location" : "com.FEPS.test.stepdefinition.ui.FEPS_Login_Page_Step_Test.user_launches_the_common_org_pas_url()"
      },
      "keyword" : "Given "
    }, {
      "output" : [ "User successfully Logged in FEPS login page." ],
      "result" : {
        "duration" : 4293306000,
        "status" : "passed"
      },
      "line" : 7,
      "name" : "User Clicks on login through SSO",
      "match" : {
        "location" : "com.FEPS.test.stepdefinition.ui.FEPS_Login_Page_Step_Test.User_Clicks_on_login_through_SSO()"
      },
      "keyword" : "When "
    }, {
      "output" : [ "Logging into Common Org site with username : 30134914" ],
      "result" : {
        "duration" : 930227600,
        "status" : "passed"
      },
      "line" : 8,
      "name" : "User logs in with valid agent credentials",
      "match" : {
        "arguments" : [ {
          "val" : "",
          "offset" : 24
        } ],
        "location" : "com.FEPS.test.stepdefinition.ui.FEPS_Login_Page_Step_Test.user_logs_in_with_valid_agent_credentials(java.lang.String)"
      },
      "keyword" : "When "
    }, {
      "output" : [ "Successfully Logged into Common Org Application" ],
      "result" : {
        "duration" : 181057085700,
        "status" : "passed"
      },
      "line" : 9,
      "name" : "User is logged into application",
      "match" : {
        "location" : "com.FEPS.test.stepdefinition.ui.FEPS_Login_Page_Step_Test.user_is_logged_in_to_application()"
      },
      "keyword" : "Then "
    }, {
      "output" : [ "User navigates to Time menu page successfully" ],
      "result" : {
        "duration" : 13864568000,
        "status" : "passed"
      },
      "line" : 10,
      "name" : "user Select \"Time\" menu",
      "match" : {
        "arguments" : [ {
          "val" : "\"Time\"",
          "offset" : 12
        } ],
        "location" : "com.FEPS.test.stepdefinition.ui.FEPS_Time_Menu_Step_Test.select_Time_menu(java.lang.String)"
      },
      "keyword" : "When "
    } ]
  }, {
    "start_timestamp" : "2023-03-14T13:56:23.904Z",
    "before" : [ {
      "result" : {
        "duration" : 4043724500,
        "status" : "passed"
      },
      "match" : {
        "location" : "com.FEPS.InitDriver.InitializeDriver.before(io.cucumber.java.Scenario)"
      }
    } ],
    "line" : 27,
    "name" : "Test Case 100: Verify below mentioned fields of Assumed Hours Worked Today Report: Time Menu",
    "description" : "",
    "id" : "us-705299-document-intake-ui-changes;test-case-100:-verify-below-mentioned-fields-of-assumed-hours-worked-today-report:-time-menu",
    "after" : [ {
      "output" : [ "Scenario Failed, Capturing Screenshot............." ],
      "result" : {
        "error_message" : "org.openqa.selenium.WebDriverException: disconnected: not connected to DevTools\n  (failed to check if window was closed: disconnected: not connected to DevTools)\n  (Session info: chrome=111.0.5563.64)\nBuild info: version: '4.1.1', revision: 'e8fcc2cecf'\nSystem info: host: 'BLRCND30210346', ip: '172.26.232.20', os.name: 'Windows 10', os.arch: 'amd64', os.version: '10.0', java.version: '15.0.1'\nDriver info: org.openqa.selenium.chrome.ChromeDriver\nCommand: [9cabd7b8328eac795e97c4e213658a70, screenshot {}]\nCapabilities {acceptInsecureCerts: false, browserName: chrome, browserVersion: 111.0.5563.64, chrome: {chromedriverVersion: 111.0.5563.64 (c710e93d5b63..., userDataDir: C:\\Users\\30210346\\AppData\\L...}, goog:chromeOptions: {debuggerAddress: localhost:62569}, javascriptEnabled: true, networkConnectionEnabled: false, pageLoadStrategy: normal, platform: WINDOWS, platformName: WINDOWS, proxy: Proxy(), se:cdp: ws://localhost:62569/devtoo..., se:cdpVersion: 111.0.5563.64, setWindowRect: true, strictFileInteractability: false, timeouts: {implicit: 0, pageLoad: 300000, script: 30000}, unhandledPromptBehavior: dismiss and notify, webauthn:extension:credBlob: true, webauthn:extension:largeBlob: true, webauthn:extension:minPinLength: true, webauthn:extension:prf: true, webauthn:virtualAuthenticators: true}\nSession ID: 9cabd7b8328eac795e97c4e213658a70\r\n\tat java.base/jdk.internal.reflect.NativeConstructorAccessorImpl.newInstance0(Native Method)\r\n\tat java.base/jdk.internal.reflect.NativeConstructorAccessorImpl.newInstance(NativeConstructorAccessorImpl.java:64)\r\n\tat java.base/jdk.internal.reflect.DelegatingConstructorAccessorImpl.newInstance(DelegatingConstructorAccessorImpl.java:45)\r\n\tat java.base/java.lang.reflect.Constructor.newInstanceWithCaller(Constructor.java:500)\r\n\tat java.base/java.lang.reflect.Constructor.newInstance(Constructor.java:481)\r\n\tat org.openqa.selenium.remote.codec.w3c.W3CHttpResponseCodec.createException(W3CHttpResponseCodec.java:200)\r\n\tat org.openqa.selenium.remote.codec.w3c.W3CHttpResponseCodec.decode(W3CHttpResponseCodec.java:133)\r\n\tat org.openqa.selenium.remote.codec.w3c.W3CHttpResponseCodec.decode(W3CHttpResponseCodec.java:53)\r\n\tat org.openqa.selenium.remote.HttpCommandExecutor.execute(HttpCommandExecutor.java:184)\r\n\tat org.openqa.selenium.remote.service.DriverCommandExecutor.invokeExecute(DriverCommandExecutor.java:167)\r\n\tat org.openqa.selenium.remote.service.DriverCommandExecutor.execute(DriverCommandExecutor.java:142)\r\n\tat org.openqa.selenium.remote.RemoteWebDriver.execute(RemoteWebDriver.java:543)\r\n\tat org.openqa.selenium.remote.RemoteWebDriver.execute(RemoteWebDriver.java:598)\r\n\tat org.openqa.selenium.remote.RemoteWebDriver.execute(RemoteWebDriver.java:602)\r\n\tat org.openqa.selenium.remote.RemoteWebDriver.getScreenshotAs(RemoteWebDriver.java:333)\r\n\tat com.FEPS.InitDriver.InitializeDriver.tearDownWebDriver(InitializeDriver.java:270)\r\n\tat com.FEPS.InitDriver.InitializeDriver.after(InitializeDriver.java:144)\r\n",
        "duration" : 9632000,
        "status" : "failed"
      },
      "match" : {
        "location" : "com.FEPS.InitDriver.InitializeDriver.after(io.cucumber.java.Scenario)"
      }
    } ],
    "type" : "scenario",
    "keyword" : "Scenario",
    "steps" : [ {
      "output" : [ "User navigates to Assume Hours WorkedToday page successfully" ],
      "result" : {
        "duration" : 7055408500,
        "status" : "passed"
      },
      "line" : 28,
      "name" : "Select Assumed Hours Worked Today and  Company Code as \"BPS\", SBU as \"BANK\"",
      "match" : {
        "arguments" : [ {
          "val" : "\"BPS\"",
          "offset" : 55
        }, {
          "val" : "\"BANK\"",
          "offset" : 69
        } ],
        "location" : "com.FEPS.test.stepdefinition.ui.fepsAssumeHoursWorkedToday.select_AssumeHours(java.lang.String,java.lang.String)"
      },
      "keyword" : "Then "
    }, {
      "result" : {
        "duration" : 111403200,
        "status" : "passed"
      },
      "line" : 29,
      "name" : "user clicks on generateReport in Assumed Hours",
      "match" : {
        "location" : "com.FEPS.test.stepdefinition.ui.fepsAssumeHoursWorkedToday.user_clicks_on_generateReport()"
      },
      "keyword" : "Then "
    }, {
      "result" : {
        "duration" : 7212472700,
        "status" : "passed"
      },
      "line" : 30,
      "name" : "check for the page title",
      "match" : {
        "location" : "com.FEPS.test.stepdefinition.ui.fepsAssumeHoursWorkedToday.checkForPageTitle()"
      },
      "keyword" : "Then "
    }, {
      "result" : {
        "duration" : 48377100,
        "status" : "passed"
      },
      "line" : 31,
      "name" : "Click on Show Hirearcy Columns",
      "match" : {
        "location" : "com.FEPS.test.stepdefinition.ui.fepsAssumeHoursWorkedToday.clickOnShowHirearcy()"
      },
      "keyword" : "Then "
    }, {
      "result" : {
        "duration" : 1546318000,
        "status" : "passed"
      },
      "line" : 32,
      "name" : "Click on Feedback",
      "match" : {
        "location" : "com.FEPS.test.stepdefinition.ui.fepsAssumeHoursWorkedToday.clickOnFeedback()"
      },
      "keyword" : "Then "
    }, {
      "result" : {
        "duration" : 113079200,
        "status" : "passed"
      },
      "line" : 33,
      "name" : "Enter Feedback for Assumed Hours Worked Today",
      "match" : {
        "location" : "com.FEPS.test.stepdefinition.ui.fepsAssumeHoursWorkedToday.enterFeedBackInAssumedHoursWorkedToday()"
      },
      "keyword" : "Then "
    }, {
      "result" : {
        "duration" : 125979900,
        "status" : "passed"
      },
      "line" : 34,
      "name" : "Click on Submit button",
      "match" : {
        "location" : "com.FEPS.test.stepdefinition.ui.fepsAssumeHoursWorkedToday.clickOnSubmit()"
      },
      "keyword" : "Then "
    }, {
      "result" : {
        "error_message" : "org.openqa.selenium.WebDriverException: target frame detached\n  (failed to check if window was closed: disconnected: Unable to receive message from renderer)\n  (Session info: chrome=111.0.5563.64)\nBuild info: version: '4.1.1', revision: 'e8fcc2cecf'\nSystem info: host: 'BLRCND30210346', ip: '172.26.232.20', os.name: 'Windows 10', os.arch: 'amd64', os.version: '10.0', java.version: '15.0.1'\nDriver info: org.openqa.selenium.chrome.ChromeDriver\nCommand: [9cabd7b8328eac795e97c4e213658a70, findElement {using=xpath, value=//a[@id='ctl00_ctl00_FEPSTitleCph_SiteToolBar_lnkLogOff']}]\nCapabilities {acceptInsecureCerts: false, browserName: chrome, browserVersion: 111.0.5563.64, chrome: {chromedriverVersion: 111.0.5563.64 (c710e93d5b63..., userDataDir: C:\\Users\\30210346\\AppData\\L...}, goog:chromeOptions: {debuggerAddress: localhost:62569}, javascriptEnabled: true, networkConnectionEnabled: false, pageLoadStrategy: normal, platform: WINDOWS, platformName: WINDOWS, proxy: Proxy(), se:cdp: ws://localhost:62569/devtoo..., se:cdpVersion: 111.0.5563.64, setWindowRect: true, strictFileInteractability: false, timeouts: {implicit: 0, pageLoad: 300000, script: 30000}, unhandledPromptBehavior: dismiss and notify, webauthn:extension:credBlob: true, webauthn:extension:largeBlob: true, webauthn:extension:minPinLength: true, webauthn:extension:prf: true, webauthn:virtualAuthenticators: true}\nSession ID: 9cabd7b8328eac795e97c4e213658a70\r\n\tat java.base/jdk.internal.reflect.NativeConstructorAccessorImpl.newInstance0(Native Method)\r\n\tat java.base/jdk.internal.reflect.NativeConstructorAccessorImpl.newInstance(NativeConstructorAccessorImpl.java:64)\r\n\tat java.base/jdk.internal.reflect.DelegatingConstructorAccessorImpl.newInstance(DelegatingConstructorAccessorImpl.java:45)\r\n\tat java.base/java.lang.reflect.Constructor.newInstanceWithCaller(Constructor.java:500)\r\n\tat java.base/java.lang.reflect.Constructor.newInstance(Constructor.java:481)\r\n\tat org.openqa.selenium.remote.codec.w3c.W3CHttpResponseCodec.createException(W3CHttpResponseCodec.java:200)\r\n\tat org.openqa.selenium.remote.codec.w3c.W3CHttpResponseCodec.decode(W3CHttpResponseCodec.java:133)\r\n\tat org.openqa.selenium.remote.codec.w3c.W3CHttpResponseCodec.decode(W3CHttpResponseCodec.java:53)\r\n\tat org.openqa.selenium.remote.HttpCommandExecutor.execute(HttpCommandExecutor.java:184)\r\n\tat org.openqa.selenium.remote.service.DriverCommandExecutor.invokeExecute(DriverCommandExecutor.java:167)\r\n\tat org.openqa.selenium.remote.service.DriverCommandExecutor.execute(DriverCommandExecutor.java:142)\r\n\tat org.openqa.selenium.remote.RemoteWebDriver.execute(RemoteWebDriver.java:543)\r\n\tat org.openqa.selenium.remote.ElementLocation$ElementFinder$2.findElement(ElementLocation.java:162)\r\n\tat org.openqa.selenium.remote.ElementLocation.findElement(ElementLocation.java:60)\r\n\tat org.openqa.selenium.remote.RemoteWebDriver.findElement(RemoteWebDriver.java:367)\r\n\tat org.openqa.selenium.remote.RemoteWebDriver.findElement(RemoteWebDriver.java:359)\r\n\tat org.openqa.selenium.support.pagefactory.DefaultElementLocator.findElement(DefaultElementLocator.java:70)\r\n\tat org.openqa.selenium.support.pagefactory.AjaxElementLocator.access$001(AjaxElementLocator.java:39)\r\n\tat org.openqa.selenium.support.pagefactory.AjaxElementLocator$SlowLoadingElement.isLoaded(AjaxElementLocator.java:165)\r\n\tat org.openqa.selenium.support.ui.SlowLoadableComponent.get(SlowLoadableComponent.java:72)\r\n\tat org.openqa.selenium.support.pagefactory.AjaxElementLocator.findElement(AjaxElementLocator.java:95)\r\n\tat org.openqa.selenium.support.pagefactory.internal.LocatingElementHandler.invoke(LocatingElementHandler.java:39)\r\n\tat com.sun.proxy.$Proxy19.isDisplayed(Unknown Source)\r\n\tat org.openqa.selenium.support.ui.ExpectedConditions.elementIfVisible(ExpectedConditions.java:307)\r\n\tat org.openqa.selenium.support.ui.ExpectedConditions.access$000(ExpectedConditions.java:40)\r\n\tat org.openqa.selenium.support.ui.ExpectedConditions$10.apply(ExpectedConditions.java:293)\r\n\tat org.openqa.selenium.support.ui.ExpectedConditions$10.apply(ExpectedConditions.java:290)\r\n\tat org.openqa.selenium.support.ui.ExpectedConditions$23.apply(ExpectedConditions.java:660)\r\n\tat org.openqa.selenium.support.ui.ExpectedConditions$23.apply(ExpectedConditions.java:656)\r\n\tat org.openqa.selenium.support.ui.FluentWait.until(FluentWait.java:208)\r\n\tat com.FEPS.pages.ui_pageactions.FEPS_Time_Absence_Report_UI_Action.clickOnLogout(FEPS_Time_Absence_Report_UI_Action.java:103)\r\n\tat com.FEPS.test.stepdefinition.ui.FEPS_TimeReports_Absence.clickOnLogout(FEPS_TimeReports_Absence.java:52)\r\n\tat ✽.chick on logout button(file:///D:/FEPS/Automation_Testing/src/test/resources/features/FEPS.Ui.features/Login.feature:36)\r\n",
        "duration" : 19574819000,
        "status" : "failed"
      },
      "line" : 36,
      "name" : "chick on logout button",
      "match" : {
        "location" : "com.FEPS.test.stepdefinition.ui.FEPS_TimeReports_Absence.clickOnLogout()"
      },
      "keyword" : "Then "
    } ],
    "tags" : [ {
      "name" : "@Test"
    }, {
      "name" : "@LoginPage"
    }, {
      "name" : "@US1"
    }, {
      "name" : "@02"
    }, {
      "name" : "@FEPS"
    } ]
  } ],
  "name" : "US_705299 Document Intake UI Changes",
  "description" : "",
  "id" : "us-705299-document-intake-ui-changes",
  "keyword" : "Feature",
  "uri" : "file:src/test/resources/features/FEPS.Ui.features/Login.feature",
  "tags" : [ {
    "name" : "@Test",
    "type" : "Tag",
    "location" : {
      "line" : 1,
      "column" : 1
    }
  }, {
    "name" : "@LoginPage",
    "type" : "Tag",
    "location" : {
      "line" : 1,
      "column" : 7
    }
  }, {
    "name" : "@US1",
    "type" : "Tag",
    "location" : {
      "line" : 1,
      "column" : 18
    }
  } ]
} ]